{
  "clients": [
    {
      "clientId": "${KEYCLOAK_CLIENT_ID}",
      "name": "CM Ocean Core",
      "description": "Приложения CM Ocean",
      "surrogateAuthRequired": false,
      "enabled": true,
      "alwaysDisplayInConsole": false,
      "clientAuthenticatorType": "client-secret",
      "redirectUris": [
        "${CORE_UI_REMOTE_URL}/*"
      ],
      "webOrigins": [
        "",
        "*",
        "+"
      ],
      "notBefore": 0,
      "bearerOnly": false,
      "consentRequired": false,
      "standardFlowEnabled": true,
      "implicitFlowEnabled": false,
      "directAccessGrantsEnabled": true,
      "serviceAccountsEnabled": false,
      "publicClient": true,
      "frontchannelLogout": false,
      "protocol": "openid-connect",
      "attributes": {
        "saml.force.post.binding": "false",
        "saml.multivalued.roles": "false",
        "oauth2.device.authorization.grant.enabled": "false",
        "backchannel.logout.revoke.offline.tokens": "false",
        "saml.server.signature.keyinfo.ext": "false",
        "use.refresh.tokens": "true",
        "oidc.ciba.grant.enabled": "false",
        "backchannel.logout.session.required": "true",
        "client_credentials.use_refresh_token": "false",
        "require.pushed.authorization.requests": "false",
        "saml.client.signature": "false",
        "id.token.as.detached.signature": "false",
        "saml.assertion.signature": "false",
        "saml.encrypt": "false",
        "saml.server.signature": "false",
        "exclude.session.state.from.auth.response": "false",
        "saml.artifact.binding": "false",
        "saml_force_name_id_format": "false",
        "acr.loa.map": "{}",
        "tls.client.certificate.bound.access.tokens": "false",
        "saml.authnstatement": "false",
        "display.on.consent.screen": "false",
        "token.response.type.bearer.lower-case": "false",
        "saml.onetimeuse.condition": "false"
      },
      "authenticationFlowBindingOverrides": {},
      "fullScopeAllowed": true,
      "nodeReRegistrationTimeout": -1,
      "protocolMappers": [
        {
          "name": "client roles",
          "protocol": "openid-connect",
          "protocolMapper": "oidc-usermodel-client-role-mapper",
          "consentRequired": false,
          "config": {
            "multivalued": "true",
            "userinfo.token.claim": "true",
            "user.attribute": "foo",
            "id.token.claim": "false",
            "access.token.claim": "false",
            "claim.name": "resource_access.${client_id}.roles",
            "jsonType.label": "String"
          }
        },
        {
          "name": "tags",
          "protocol": "openid-connect",
          "protocolMapper": "oidc-usermodel-attribute-mapper",
          "consentRequired": false,
          "config": {
            "aggregate.attrs": "true",
            "multivalued": "true",
            "userinfo.token.claim": "true",
            "user.attribute": "tag",
            "id.token.claim": "false",
            "access.token.claim": "false",
            "claim.name": "tags",
            "jsonType.label": "String"
          }
        }
      ],
      "defaultClientScopes": [
        "web-origins",
        "roles",
        "profile",
        "email"
      ],
      "optionalClientScopes": [
        "address",
        "phone",
        "offline_access",
        "microprofile-jwt"
      ]
    }
  ],
  "roles": {
    "client": {
      "${KEYCLOAK_CLIENT_ID}": [
        {
          "name": "BATCHFLOW_CENGINE_EDIT",
          "composite": false,
          "clientRole": true
        },
        {
          "name": "BATCHFLOW_DIAGRAM_EXECUTE",
          "composite": false,
          "clientRole": true
        },
        {
          "name": "BATCHFLOW_RESULT_WRITE",
          "composite": false,
          "clientRole": true
        },
        {
          "name": "BATCHFLOW_CFORM_EDIT",
          "composite": false,
          "clientRole": true
        },
        {
          "name": "BATCHFLOW_RESULT_READ",
          "composite": false,
          "clientRole": true
        },
        {
          "name": "BATCHFLOW_CSCRIPT_READ",
          "composite": false,
          "clientRole": true
        },
        {
          "name": "BATCHFLOW_CSCRIPT_DELETE",
          "composite": false,
          "clientRole": true
        },
        {
          "name": "BATCHFLOW_RUN_WRITE",
          "composite": false,
          "clientRole": true
        },
        {
          "name": "BATCHFLOW_RDATA_READ",
          "composite": false,
          "clientRole": true
        },
        {
          "name": "BATCHFLOW_DIAGRAM_READ",
          "composite": false,
          "clientRole": true
        },
        {
          "name": "BATCHFLOW_RDATA_EDIT",
          "composite": false,
          "clientRole": true
        },
        {
          "name": "BATCHFLOW_DIAGRAM_UNBLOCK",
          "composite": false,
          "clientRole": true
        },
        {
          "name": "BATCHFLOW_CENGINE_DELETE",
          "composite": false,
          "clientRole": true
        },
        {
          "name": "BATCHFLOW_CFORM_DELETE",
          "composite": false,
          "clientRole": true
        },
        {
          "name": "BATCHFLOW_CFORM_READ",
          "composite": false,
          "clientRole": true
        },
        {
          "name": "BATCHFLOW_ENGINE_EXECUTE",
          "composite": false,
          "clientRole": true
        },
        {
          "name": "BATCHFLOW_SCHEDULE_EXECUTE",
          "composite": false,
          "clientRole": true
        },
        {
          "name": "BATCHFLOW_SCHEDULE_READ",
          "composite": false,
          "clientRole": true
        },
        {
          "name": "BATCHFLOW_DIAGRAM_DELETE",
          "composite": false,
          "clientRole": true
        },
        {
          "name": "BATCHFLOW_RUN_READ",
          "composite": false,
          "clientRole": true
        },
        {
          "name": "BATCHFLOW_DIAGRAM_RECOUNT",
          "composite": false,
          "clientRole": true
        },
        {
          "name": "BATCHFLOW_DIAGRAM_EDIT",
          "composite": false,
          "clientRole": true
        },
        {
          "name": "BATCHFLOW_ENGINE_READ",
          "composite": false,
          "clientRole": true
        },
        {
          "name": "BATCHFLOW_SCHEDULE_EDIT",
          "composite": false,
          "clientRole": true
        },
        {
          "name": "BATCHFLOW_CENGINE_READ",
          "composite": false,
          "clientRole": true
        },
        {
          "name": "BATCHFLOW_CSCRIPT_EDIT",
          "composite": false,
          "clientRole": true
        },
        {
          "name": "BATCHFLOW_SEGMENT_READ",
          "composite": false,
          "clientRole": true
        },
        {
          "name": "BATCHFLOW_PACKAGE_EDIT",
          "composite": false,
          "clientRole": true
        },
        {
          "name": "BATCHFLOW_EXECUTION_CANCEL",
          "composite": false,
          "clientRole": true
        },
        {
          "name": "BATCHFLOW_CITEM_READ",
          "composite": false,
          "clientRole": true
        },
        {
          "name": "BATCHFLOW_CITEM_WRITE",
          "composite": false,
          "clientRole": true
        },
        {
          "name": "BATCHFLOW_CITEM_DELETE",
          "composite": false,
          "clientRole": true
        },
        {
          "name": "BATCHFLOW_DIAGRAM_APPROVE",
          "composite": false,
          "clientRole": true
        },
        {
          "name": "BATCHFLOW_DIAGRAM_TEST",
          "composite": false,
          "clientRole": true
        },
        {
          "name": "BATCHFLOW_DIAGRAM_PROFILE_EDIT",
          "composite": false,
          "clientRole": true
        }

      ]
    }
  },
  "groups": [
    {
      "name": "BATCHFLOW_ADMIN",
      "path": "/BATCHFLOW_ADMIN",
      "attributes": {},
      "realmRoles": [],
      "clientRoles": {
        "${KEYCLOAK_CLIENT_ID}": [
          "BATCHFLOW_CENGINE_EDIT",
          "BATCHFLOW_CFORM_READ",
          "BATCHFLOW_DIAGRAM_EXECUTE",
          "BATCHFLOW_ENGINE_EXECUTE",
          "BATCHFLOW_SCHEDULE_EXECUTE",
          "BATCHFLOW_SCHEDULE_READ",
          "BATCHFLOW_RESULT_WRITE",
          "BATCHFLOW_CFORM_EDIT",
          "BATCHFLOW_RESULT_READ",
          "BATCHFLOW_DIAGRAM_DELETE",
          "BATCHFLOW_RUN_READ",
          "BATCHFLOW_CSCRIPT_READ",
          "BATCHFLOW_CSCRIPT_DELETE",
          "BATCHFLOW_DIAGRAM_RECOUNT",
          "BATCHFLOW_DIAGRAM_EDIT",
          "BATCHFLOW_RUN_WRITE",
          "BATCHFLOW_RDATA_READ",
          "BATCHFLOW_ENGINE_READ",
          "BATCHFLOW_SCHEDULE_EDIT",
          "BATCHFLOW_DIAGRAM_READ",
          "BATCHFLOW_CENGINE_READ",
          "BATCHFLOW_CSCRIPT_EDIT",
          "BATCHFLOW_RDATA_EDIT",
          "BATCHFLOW_DIAGRAM_UNBLOCK",
          "BATCHFLOW_CENGINE_DELETE",
          "BATCHFLOW_CFORM_DELETE",
          "BATCHFLOW_SEGMENT_READ",
          "BATCHFLOW_PACKAGE_EDIT",
          "BATCHFLOW_EXECUTION_CANCEL",
          "BATCHFLOW_CITEM_READ",
          "BATCHFLOW_CITEM_WRITE",
          "BATCHFLOW_CITEM_DELETE",
          "BATCHFLOW_DIAGRAM_TEST",
          "BATCHFLOW_DIAGRAM_APPROVE",
          "BATCHFLOW_DIAGRAM_PROFILE_EDIT"
        ]
      },
      "subGroups": []
    },
    {
      "name": "BATCHFLOW_ADVANCED",
      "path": "/BATCHFLOW_ADVANCED",
      "attributes": {},
      "realmRoles": [],
      "clientRoles": {
        "${KEYCLOAK_CLIENT_ID}": [
          "BATCHFLOW_CFORM_READ",
          "BATCHFLOW_DIAGRAM_EXECUTE",
          "BATCHFLOW_DIAGRAM_DELETE",
          "BATCHFLOW_SCHEDULE_EDIT",
          "BATCHFLOW_DIAGRAM_READ",
          "BATCHFLOW_SCHEDULE_EXECUTE",
          "BATCHFLOW_SCHEDULE_READ",
          "BATCHFLOW_DIAGRAM_RECOUNT",
          "BATCHFLOW_CFORM_EDIT",
          "BATCHFLOW_DIAGRAM_EDIT",
          "BATCHFLOW_CFORM_DELETE",
          "BATCHFLOW_CSCRIPT_READ",
          "BATCHFLOW_CSCRIPT_EDIT",
          "BATCHFLOW_CSCRIPT_DELETE",
          "BATCHFLOW_CENGINE_READ",
          "BATCHFLOW_SEGMENT_READ",
          "BATCHFLOW_PACKAGE_EDIT",
          "BATCHFLOW_EXECUTION_CANCEL",
          "BATCHFLOW_CITEM_READ",
          "BATCHFLOW_CITEM_WRITE",
          "BATCHFLOW_CITEM_DELETE",
          "BATCHFLOW_DIAGRAM_TEST",
          "BATCHFLOW_DIAGRAM_APPROVE"
        ]
      },
      "subGroups": []
    },
    {
      "name": "BATCHFLOW_EDITOR",
      "path": "/BATCHFLOW_EDITOR",
      "attributes": {},
      "realmRoles": [],
      "clientRoles": {
        "${KEYCLOAK_CLIENT_ID}": [
          "BATCHFLOW_CFORM_READ",
          "BATCHFLOW_DIAGRAM_DELETE",
          "BATCHFLOW_DIAGRAM_READ",
          "BATCHFLOW_SCHEDULE_READ",
          "BATCHFLOW_DIAGRAM_EDIT",
          "BATCHFLOW_CFORM_READ",
          "BATCHFLOW_CSCRIPT_READ",
          "BATCHFLOW_CENGINE_READ",
          "BATCHFLOW_SEGMENT_READ",
          "BATCHFLOW_CITEM_READ",
          "BATCHFLOW_CITEM_WRITE",
          "BATCHFLOW_CITEM_DELETE"
        ]
      },
      "subGroups": []
    },
    {
      "name": "BATCHFLOW_EXECUTOR",
      "path": "/BATCHFLOW_EXECUTOR",
      "attributes": {},
      "realmRoles": [],
      "clientRoles": {
        "${KEYCLOAK_CLIENT_ID}": [
          "BATCHFLOW_DIAGRAM_EXECUTE",
          "BATCHFLOW_DIAGRAM_DELETE",
          "BATCHFLOW_DIAGRAM_READ",
          "BATCHFLOW_DIAGRAM_RECOUNT",
          "BATCHFLOW_DIAGRAM_EDIT",
          "BATCHFLOW_SCHEDULE_READ",
          "BATCHFLOW_CFORM_READ",
          "BATCHFLOW_CSCRIPT_READ",
          "BATCHFLOW_CENGINE_READ",
          "BATCHFLOW_SEGMENT_READ",
          "BATCHFLOW_CITEM_READ"
        ]
      },
      "subGroups": []
    },
    {
      "name": "BATCHFLOW_PRODUCER",
      "path": "/BATCHFLOW_PRODUCER",
      "attributes": {},
      "realmRoles": [],
      "clientRoles": {
        "${KEYCLOAK_CLIENT_ID}": [
          "BATCHFLOW_CFORM_READ",
          "BATCHFLOW_CFORM_EDIT",
          "BATCHFLOW_CFORM_DELETE",
          "BATCHFLOW_CSCRIPT_READ",
          "BATCHFLOW_CSCRIPT_EDIT",
          "BATCHFLOW_CSCRIPT_DELETE",
          "BATCHFLOW_CENGINE_READ"
        ]
      },
      "subGroups": []
    },
    {
      "name": "BATCHFLOW_VIEWER",
      "path": "/BATCHFLOW_VIEWER",
      "attributes": {},
      "realmRoles": [],
      "clientRoles": {
        "${KEYCLOAK_CLIENT_ID}": [
          "BATCHFLOW_CFORM_READ",
          "BATCHFLOW_RDATA_READ",
          "BATCHFLOW_DIAGRAM_READ",
          "BATCHFLOW_CSCRIPT_READ",
          "BATCHFLOW_SCHEDULE_READ",
          "BATCHFLOW_CENGINE_READ",
          "BATCHFLOW_SEGMENT_READ",
          "BATCHFLOW_CITEM_READ"
        ]
      },
      "subGroups": []
    }
  ]
}
