{
  "users": [
    {
      "username": "svc-cmocean-batchflow-or",
      "enabled": true,
      "serviceAccountClientId": "cmocean-batchflow-or",
      "clientRoles": {
        "${KEYCLOAK_CLIENT_ID}": [
          "BATCHFLOW_RUN_WRITE",
          "BATCHFLOW_CFORM_READ",
          "BATCHFLOW_ENGINE_EXECUTE",
          "BATCHFLOW_SCHEDULE_READ",
          "BATCHFLOW_RESULT_WRITE",
          "BATCHFLOW_ENGINE_READ",
          "BATCHFLOW_RESULT_READ",
          "BATCHFLOW_RUN_READ",
          "BATCHFLOW_DIAGRAM_READ",
          "BATCHFLOW_CSCRIPT_READ",
          "BATCHFLOW_CENGINE_READ"
        ]
      },
      "groups": []
    }
  ],
  "clients": [
    {
      "clientId": "cmocean-batchflow-or",
      "description": "Клиент оркестратора для CMOcean Batch Flow",
      "enabled": true,
      "clientAuthenticatorType": "client-secret",
      "redirectUris": [],
      "webOrigins": [],
      "bearerOnly": false,
      "consentRequired": false,
      "standardFlowEnabled": false,
      "implicitFlowEnabled": false,
      "directAccessGrantsEnabled": false,
      "serviceAccountsEnabled": true,
      "publicClient": false,
      "frontchannelLogout": false,
      "protocol": "openid-connect",
      "attributes": {
        "access.token.lifespan": "3600",
        "use.refresh.tokens": "true",
        "client_credentials.use_refresh_token": "false"
      },
      "protocolMappers": [
        {
          "name": "Client Host",
          "protocol": "openid-connect",
          "protocolMapper": "oidc-usersessionmodel-note-mapper",
          "consentRequired": false,
          "config": {
            "user.session.note": "clientHost",
            "id.token.claim": "true",
            "access.token.claim": "true",
            "claim.name": "clientHost",
            "jsonType.label": "String"
          }
        },
        {
          "name": "Client ID",
          "protocol": "openid-connect",
          "protocolMapper": "oidc-usersessionmodel-note-mapper",
          "consentRequired": false,
          "config": {
            "user.session.note": "clientId",
            "id.token.claim": "true",
            "access.token.claim": "true",
            "claim.name": "clientId",
            "jsonType.label": "String"
          }
        },
        {
          "name": "Client IP Address",
          "protocol": "openid-connect",
          "protocolMapper": "oidc-usersessionmodel-note-mapper",
          "consentRequired": false,
          "config": {
            "user.session.note": "clientAddress",
            "id.token.claim": "true",
            "access.token.claim": "true",
            "claim.name": "clientAddress",
            "jsonType.label": "String"
          }
        },
        {
          "name": "client roles",
          "protocol": "openid-connect",
          "protocolMapper": "oidc-usermodel-client-role-mapper",
          "consentRequired": false,
          "config": {
            "multivalued": "true",
            "userinfo.token.claim": "true",
            "user.attribute": "foo",
            "id.token.claim": "false",
            "access.token.claim": "false",
            "claim.name": "resource_access.${client_id}.roles",
            "jsonType.label": "String"
          }
        }
      ]
    }
  ]
}
